id,err
1,0.39320883651112964
2,0.5473276018918989
4,0.29791019875914637
6,0.15479851077312565
8,0.1571654787352215
9,0.008066230782862699
